TableName,BaseTable,Abstract,PhysicalName,Revision,SyncTimestamp
PnPBase,,TRUE,PnPBase,,
PnPDataLinks,PnPBase,FALSE,PnPDataLinks,,
PnPDrawings,PnPBase,FALSE,PnPDrawings,1.0,
PnPTagRegistries,PnPBase,FALSE,PnPTagRegistries,,
PnPTagEnlistedColumns,PnPBase,FALSE,PnPTagEnlistedColumns,,
EngineeringItems,PnPBase,FALSE,EngineeringItems,,
Equipment,EngineeringItems,FALSE,Equipment,,
Blowers,Equipment,FALSE,Blowers,,
BlowerGeneral,Blowers,FALSE,BlowerGeneral,,
BlowerRadial,Blowers,FALSE,BlowerRadial,,
CentrifugalBlower,Blowers,FALSE,CentrifugalBlower,,
PositiveDisplacementBlower,Blowers,FALSE,PositiveDisplacementBlower,,
BlowerAxial,Blowers,FALSE,BlowerAxial,,
Compressors,Equipment,FALSE,Compressors,,
CentrifugalCompressor,Compressors,FALSE,CentrifugalCompressor,,
DiaphragmCompressor,Compressors,FALSE,DiaphragmCompressor,,
EjectorCompressor,Compressors,FALSE,EjectorCompressor,,
GeneralCompressor,Compressors,FALSE,GeneralCompressor,,
LiquidRingCompressor,Compressors,FALSE,LiquidRingCompressor,,
PositiveDisplacementCompressor,Compressors,FALSE,PositiveDisplacementCompressor,,
ReciprocatingCompressor,Compressors,FALSE,ReciprocatingCompressor,,
RollerVaneCompressor,Compressors,FALSE,RollerVaneCompressor,,
RotaryCompressor,Compressors,FALSE,RotaryCompressor,,
ScrewCompressor,Compressors,FALSE,ScrewCompressor,,
TurboCompressor,Compressors,FALSE,TurboCompressor,,
ReciprocatingDiaphragmCompressor,Compressors,FALSE,ReciprocatingDiaphragmCompressor,,
RotaryPistonCompressor,Compressors,FALSE,RotaryPistonCompressor,,
TurboCompressorAxialFlow,Compressors,FALSE,TurboCompressorAxialFlow,,
TurboCompressorRadialFlow,Compressors,FALSE,TurboCompressorRadialFlow,,
ImpellerVanePitchAdjustmentDevice,Compressors,FALSE,ImpellerVanePitchAdjustmentDevice,,
GuideVanePitchAdjustmentDevice,Compressors,FALSE,GuideVanePitchAdjustmentDevice,,
RootsCompressor,Compressors,FALSE,RootsCompressor,,
JetCompressor,Compressors,FALSE,JetCompressor,,
Conveyors,Equipment,FALSE,Conveyors,,
BeltConveyor,Conveyors,FALSE,BeltConveyor,,
BucketConveyor,Conveyors,FALSE,BucketConveyor,,
ChainConveyor,Conveyors,FALSE,ChainConveyor,,
GeneralConveyor,Conveyors,FALSE,GeneralConveyor,,
ScrewConveyor,Conveyors,FALSE,ScrewConveyor,,
VibratingConveyor,Conveyors,FALSE,VibratingConveyor,,
ReversingContinuousConveyor,Conveyors,FALSE,ReversingContinuousConveyor,,
SteelApronConveyor,Conveyors,FALSE,SteelApronConveyor,,
BoxConveyor,Conveyors,FALSE,BoxConveyor,,
ScraperConveyor,Conveyors,FALSE,ScraperConveyor,,
TroughedChainConveyor,Conveyors,FALSE,TroughedChainConveyor,,
Crushers,Equipment,FALSE,Crushers,,
ConeCrusher,Crushers,FALSE,ConeCrusher,,
GeneralCrusher,Crushers,FALSE,GeneralCrusher,,
GeneralCrushingMachine,Crushers,FALSE,GeneralCrushingMachine,,
GeneralMill,Crushers,FALSE,GeneralMill,,
HammerCrusher,Crushers,FALSE,HammerCrusher,,
HammerMill,Crushers,FALSE,HammerMill,,
ImpactCrusher,Crushers,FALSE,ImpactCrusher,,
ImpactMill,Crushers,FALSE,ImpactMill,,
JawCrusher,Crushers,FALSE,JawCrusher,,
JetMill,Crushers,FALSE,JetMill,,
RollerCrusher,Crushers,FALSE,RollerCrusher,,
RollerMill,Crushers,FALSE,RollerMill,,
VibrationMill,Crushers,FALSE,VibrationMill,,
BallMill,Crushers,FALSE,BallMill,,
TubeMill,Crushers,FALSE,TubeMill,,
Driers,Equipment,FALSE,Driers,,
DiskMovingShelfTurboDrier,Driers,FALSE,DiskMovingShelfTurboDrier,,
FluidizedBedDrier,Driers,FALSE,FluidizedBedDrier,,
GeneralDrier,Driers,FALSE,GeneralDrier,,
OvenShelfDrier,Driers,FALSE,OvenShelfDrier,,
RollerConveyoryDrier,Driers,FALSE,RollerConveyoryDrier,,
RotaryDrumDrier,Driers,FALSE,RotaryDrumDrier,,
SprayDrier,Driers,FALSE,SprayDrier,,
Filters,Equipment,FALSE,Filters,,
ActivatedCarbonFilter,Filters,FALSE,ActivatedCarbonFilter,,
BeltFilterForFluids,Filters,FALSE,BeltFilterForFluids,,
BeltForGasesFilter,Filters,FALSE,BeltForGasesFilter,,
CartridgeFilter,Filters,FALSE,CartridgeFilter,,
CartridgeFilterForGases,Filters,FALSE,CartridgeFilterForGases,,
CentrifugeGeneral,Filters,FALSE,CentrifugeGeneral,,
DrumFilter,Filters,FALSE,DrumFilter,,
Filter,Filters,FALSE,Filter,,
FixedBedFilter,Filters,FALSE,FixedBedFilter,,
GasAirFilter,Filters,FALSE,GasAirFilter,,
GeneralGasAirFilter,Filters,FALSE,GeneralGasAirFilter,,
GeneralScreeningDevice,Filters,FALSE,GeneralScreeningDevice,,
GeneralSifter,Filters,FALSE,GeneralSifter,,
GeneralSortingDevice,Filters,FALSE,GeneralSortingDevice,,
HEPAFilter,Filters,FALSE,HEPAFilter,,
IonExchangeFilter,Filters,FALSE,IonExchangeFilter,,
LiquidFilter,Filters,FALSE,LiquidFilter,,
PackedBedFilter,Filters,FALSE,PackedBedFilter,,
PerforatedShellCentrifuge,Filters,FALSE,PerforatedShellCentrifuge,,
PressFilter,Filters,FALSE,PressFilter,,
PusherCentrifuge,Filters,FALSE,PusherCentrifuge,,
RotarySeparator,Filters,FALSE,RotarySeparator,,
ScrewTypeWithDecanterCentrifuge,Filters,FALSE,ScrewTypeWithDecanterCentrifuge,,
ScrewTypeWithPerforatedShellCentrifuge,Filters,FALSE,ScrewTypeWithPerforatedShellCentrifuge,,
Scrubber,Filters,FALSE,Scrubber,,
SolidShellCentrifuge,Filters,FALSE,SolidShellCentrifuge,,
SuctionFilter,Filters,FALSE,SuctionFilter,,
TwoScreensScreeningDevice,Filters,FALSE,TwoScreensScreeningDevice,,
VacuumFilter,Filters,FALSE,VacuumFilter,,
CycloneSeparator,Filters,FALSE,CycloneSeparator,,
DiskTypeSeparator,Filters,FALSE,DiskTypeSeparator,,
DrySeparator,Filters,FALSE,DrySeparator,,
ElectromagneticSeparator,Filters,FALSE,ElectromagneticSeparator,,
ElectrostaticPrecipitatorSeparator,Filters,FALSE,ElectrostaticPrecipitatorSeparator,,
GeneralSeparator,Filters,FALSE,GeneralSeparator,,
GravitySettlingChamberSeparator,Filters,FALSE,GravitySettlingChamberSeparator,,
ImpactSeparator,Filters,FALSE,ImpactSeparator,,
ThickenerSeparator,Filters,FALSE,ThickenerSeparator,,
VenturiSeparator,Filters,FALSE,VenturiSeparator,,
WetScrubberSeparator,Filters,FALSE,WetScrubberSeparator,,
GravelFilterClosedType,Filters,FALSE,GravelFilterClosedType,,
GravelFilterOpenType,Filters,FALSE,GravelFilterOpenType,,
MixedBedFilter,Filters,FALSE,MixedBedFilter,,
ElectromagnetFilter,Filters,FALSE,ElectromagnetFilter,,
VesselBuiltInTricklingElementsAtRandom,Filters,FALSE,VesselBuiltInTricklingElementsAtRandom,,
GeneralStirrer,Filters,FALSE,GeneralStirrer,,
SeparatorWithHeatExchange,Filters,FALSE,SeparatorWithHeatExchange,,
FlashTrap,Filters,FALSE,FlashTrap,,
FineRack,Filters,FALSE,FineRack,,
DrumScreeningMachine,Filters,FALSE,DrumScreeningMachine,,
BasketBandScreeningMachine,Filters,FALSE,BasketBandScreeningMachine,,
ProtectiveGrating,Filters,FALSE,ProtectiveGrating,,
InsulatingSlabClosure,Filters,FALSE,InsulatingSlabClosure,,
Furnaces,Equipment,FALSE,Furnaces,,
BurnerFiringSystem,Furnaces,FALSE,BurnerFiringSystem,,
FileEvaporator,Furnaces,FALSE,FileEvaporator,,
FiredHeater,Furnaces,FALSE,FiredHeater,,
Furnace,Furnaces,FALSE,Furnace,,
GasFlare,Furnaces,FALSE,GasFlare,,
IndustrialFurnace,Furnaces,FALSE,IndustrialFurnace,,
RotaryKiln,Furnaces,FALSE,RotaryKiln,,
SteamBoiler,Furnaces,FALSE,SteamBoiler,,
GasGeneratingPlantGeneral,Furnaces,FALSE,GasGeneratingPlantGeneral,,
FuelDegasifier,Furnaces,FALSE,FuelDegasifier,,
FuelGasifier,Furnaces,FALSE,FuelGasifier,,
CombustionChamber,Furnaces,FALSE,CombustionChamber,,
HeatConsumerGeneral,Furnaces,FALSE,HeatConsumerGeneral,,
HeatConsumerWithHeatingSurface,Furnaces,FALSE,HeatConsumerWithHeatingSurface,,
SootBlower,Furnaces,FALSE,SootBlower,,
FiringGeneralBurnerGeneral,Furnaces,FALSE,FiringGeneralBurnerGeneral,,
SteamGeneratorSteamBoiler,Furnaces,FALSE,SteamGeneratorSteamBoiler,,
SteamGeneratorHeatedByWasteHeat,Furnaces,FALSE,SteamGeneratorHeatedByWasteHeat,,
SteamGeneratorSuperheaterHeatedByWasteheat,Furnaces,FALSE,SteamGeneratorSuperheaterHeatedByWasteheat,,
SteamGeneratorElectricallyHeated,Furnaces,FALSE,SteamGeneratorElectricallyHeated,,
SteamConverter,Furnaces,FALSE,SteamConverter,,
SteamConverterSteamHeated,Furnaces,FALSE,SteamConverterSteamHeated,,
SteamGeneratorHotWaterHeated,Furnaces,FALSE,SteamGeneratorHotWaterHeated,,
SteamGeneratorLiquidMetalHeated,Furnaces,FALSE,SteamGeneratorLiquidMetalHeated,,
SteamGeneratorSuperheaterSteamBoilerSuperheater,Furnaces,FALSE,SteamGeneratorSuperheaterSteamBoilerSuperheater,,
SteamGeneratorSuperheaterResuperheaterFluegasHeated,Furnaces,FALSE,SteamGeneratorSuperheaterResuperheaterFluegasHeated,,
SteamGeneratorSuperheatergasFired,Furnaces,FALSE,SteamGeneratorSuperheatergasFired,,
SteamGeneratorSuperheateroilFired,Furnaces,FALSE,SteamGeneratorSuperheateroilFired,,
SteamGeneratorSuperheaterpulverizedCoalFired,Furnaces,FALSE,SteamGeneratorSuperheaterpulverizedCoalFired,,
SteamGeneratorSuperheaterPulverizedCoalFiringLiquidSlagRemoval,Furnaces,FALSE,SteamGeneratorSuperheaterPulverizedCoalFiringLiquidSlagRemoval,,
SteamGeneratorSuperheaterStokerFiringCoalFired,Furnaces,FALSE,SteamGeneratorSuperheaterStokerFiringCoalFired,,
SteamGeneratorSuperheaterStokerFiringrefuseFired,Furnaces,FALSE,SteamGeneratorSuperheaterStokerFiringrefuseFired,,
HeatExchangers,Equipment,FALSE,HeatExchangers,,
AirCooledExchanger,HeatExchangers,FALSE,AirCooledExchanger,,
DoubleHeatHeatExchanger,HeatExchangers,FALSE,DoubleHeatHeatExchanger,,
DoublePipeExchanger,HeatExchangers,FALSE,DoublePipeExchanger,,
Evaporator,HeatExchangers,FALSE,Evaporator,,
FinnedTubeHeatExchanger,HeatExchangers,FALSE,FinnedTubeHeatExchanger,,
General1HeatExchanger,HeatExchangers,FALSE,General1HeatExchanger,2.0,
General2HeatExchanger,HeatExchangers,FALSE,General2HeatExchanger,,
GeneralCoolingTower,HeatExchangers,FALSE,GeneralCoolingTower,,
HeatingCooling,HeatExchangers,FALSE,HeatingCooling,,
PlateAndFrameExchanger,HeatExchangers,FALSE,PlateAndFrameExchanger,,
PlateTypeHeatExchanger,HeatExchangers,FALSE,PlateTypeHeatExchanger,,
ShellAndTubeBundleHeatExchangerWithUTube,HeatExchangers,FALSE,ShellAndTubeBundleHeatExchangerWithUTube,,
ShellTubeFloatingHeadHeatExchanger,HeatExchangers,FALSE,ShellTubeFloatingHeadHeatExchanger,,
ShellTubeHeatExchanger,HeatExchangers,FALSE,ShellTubeHeatExchanger,,
SpiralHeatExchanger,HeatExchangers,FALSE,SpiralHeatExchanger,,
SprayCoolerHeatExchanger,HeatExchangers,FALSE,SprayCoolerHeatExchanger,,
TEMATypeAEL,HeatExchangers,FALSE,TEMATypeAEL,,
TEMATypeAEM,HeatExchangers,FALSE,TEMATypeAEM,,
TEMATypeBEM,HeatExchangers,FALSE,TEMATypeBEM,,
TEMATypeBEU,HeatExchangers,FALSE,TEMATypeBEU,,
TEMATypeBKU,HeatExchangers,FALSE,TEMATypeBKU,,
TEMATypeNEN,HeatExchangers,FALSE,TEMATypeNEN,,
TubeBundleFloatingHeadHeatExchanger,HeatExchangers,FALSE,TubeBundleFloatingHeadHeatExchanger,,
TubeBundleHeatExchangerWithUTube,HeatExchangers,FALSE,TubeBundleHeatExchangerWithUTube,,
TubeCoilHeatExchanger,HeatExchangers,FALSE,TubeCoilHeatExchanger,,
SurfaceHeatExchangerCrossingMediaFlow,HeatExchangers,FALSE,SurfaceHeatExchangerCrossingMediaFlow,,
OilFiredBoilerWaterHeating,HeatExchangers,FALSE,OilFiredBoilerWaterHeating,,
WaterHeaterElectricallyHeated,HeatExchangers,FALSE,WaterHeaterElectricallyHeated,,
SurfaceHeatExchangerFluegasHeated,HeatExchangers,FALSE,SurfaceHeatExchangerFluegasHeated,,
FeedwaterPreheaterHeatedByFlowingSteam,HeatExchangers,FALSE,FeedwaterPreheaterHeatedByFlowingSteam,,
FeedwaterPreheaterHeatedByCondensingSteam,HeatExchangers,FALSE,FeedwaterPreheaterHeatedByCondensingSteam,,
CondensateCoolerWaterCooled,HeatExchangers,FALSE,CondensateCoolerWaterCooled,,
OilCoolerWaterCooled,HeatExchangers,FALSE,OilCoolerWaterCooled,,
AirPreheaterHeatedByFlueGas,HeatExchangers,FALSE,AirPreheaterHeatedByFlueGas,,
WaterPreheaterHeatedByWasteGas,HeatExchangers,FALSE,WaterPreheaterHeatedByWasteGas,,
CondenserWithWaterReCooling,HeatExchangers,FALSE,CondenserWithWaterReCooling,,
TurbineCondenserWithSplitWaterCircuits,HeatExchangers,FALSE,TurbineCondenserWithSplitWaterCircuits,,
HeatExchangerOperatingByMixingOfTheMedia,HeatExchangers,FALSE,HeatExchangerOperatingByMixingOfTheMedia,,
SteamCoolerWithWaterInjection,HeatExchangers,FALSE,SteamCoolerWithWaterInjection,,
InjectionCondenser,HeatExchangers,FALSE,InjectionCondenser,,
MixingPreheaterDeaerator,HeatExchangers,FALSE,MixingPreheaterDeaerator,,
WetCoolingTowerNaturalDraught,HeatExchangers,FALSE,WetCoolingTowerNaturalDraught,,
WetCoolingTowerInducedDraughtFan,HeatExchangers,FALSE,WetCoolingTowerInducedDraughtFan,,
WetCoolingTowerForcedDraughtFan,HeatExchangers,FALSE,WetCoolingTowerForcedDraughtFan,,
DryCoolingTowerNaturalDraught,HeatExchangers,FALSE,DryCoolingTowerNaturalDraught,,
DryCoolingTowerInducedDraughtFan,HeatExchangers,FALSE,DryCoolingTowerInducedDraughtFan,,
DryCoolingTowerForcedDraughtFan,HeatExchangers,FALSE,DryCoolingTowerForcedDraughtFan,,
WetDryCoolingTowerNaturalDraught,HeatExchangers,FALSE,WetDryCoolingTowerNaturalDraught,,
MechanicalDrivers,Equipment,FALSE,MechanicalDrivers,,
CombustionEngineDrive,MechanicalDrivers,FALSE,CombustionEngineDrive,,
DieselEngine,MechanicalDrivers,FALSE,DieselEngine,,
ElectricMotor,MechanicalDrivers,FALSE,ElectricMotor,1.0,
Gear,MechanicalDrivers,FALSE,Gear,,
GeneralDrive,MechanicalDrivers,FALSE,GeneralDrive,,
Motor,MechanicalDrivers,FALSE,Motor,,
TurbineDriver,MechanicalDrivers,FALSE,TurbineDriver,,
CurrentGenerator,MechanicalDrivers,FALSE,CurrentGenerator,,
AlternatingCurrentGeneratorGeneral,MechanicalDrivers,FALSE,AlternatingCurrentGeneratorGeneral,,
DirectCurrentGeneratorGeneral,MechanicalDrivers,FALSE,DirectCurrentGeneratorGeneral,,
DrivenMechanicalMachine,MechanicalDrivers,FALSE,DrivenMechanicalMachine,,
SteamTurbine,MechanicalDrivers,FALSE,SteamTurbine,,
SteamTurbineWithExtractionNotControlled,MechanicalDrivers,FALSE,SteamTurbineWithExtractionNotControlled,,
SteamTurbineWithControlledExtraction,MechanicalDrivers,FALSE,SteamTurbineWithControlledExtraction,,
DoubleFlowSteamTurbineWithCentralAdmission,MechanicalDrivers,FALSE,DoubleFlowSteamTurbineWithCentralAdmission,,
DoubleFlowSteamTurbineWithAdmissionBothEnds,MechanicalDrivers,FALSE,DoubleFlowSteamTurbineWithAdmissionBothEnds,,
GasTurbine,MechanicalDrivers,FALSE,GasTurbine,,
HydraulicTurbine,MechanicalDrivers,FALSE,HydraulicTurbine,,
DrivingEngineWithReciprocatingPistons,MechanicalDrivers,FALSE,DrivingEngineWithReciprocatingPistons,,
ReciprocatingSteamEngine,MechanicalDrivers,FALSE,ReciprocatingSteamEngine,,
DrivingEngineWithRotaryPiston,MechanicalDrivers,FALSE,DrivingEngineWithRotaryPiston,,
AlternatingCurrentMotorGeneral,MechanicalDrivers,FALSE,AlternatingCurrentMotorGeneral,,
DirectCurrentMotorGeneral,MechanicalDrivers,FALSE,DirectCurrentMotorGeneral,,
MiscellaneousEquipment,Equipment,FALSE,MiscellaneousEquipment,,
BeltScale,MiscellaneousEquipment,FALSE,BeltScale,,
BoxTruck,MiscellaneousEquipment,FALSE,BoxTruck,,
BulkStorage,MiscellaneousEquipment,FALSE,BulkStorage,,
CarTank,MiscellaneousEquipment,FALSE,CarTank,,
ElectrolysisCellGeneral,MiscellaneousEquipment,FALSE,ElectrolysisCellGeneral,,
ExtruderShapingMachine,MiscellaneousEquipment,FALSE,ExtruderShapingMachine,,
FluidDistributionDevice,MiscellaneousEquipment,FALSE,FluidDistributionDevice,,
GeneralCoarseningShapingMachine,MiscellaneousEquipment,FALSE,GeneralCoarseningShapingMachine,,
GeneralHood,MiscellaneousEquipment,FALSE,GeneralHood,,
GeneralKneader,MiscellaneousEquipment,FALSE,GeneralKneader,,
GeneralScale,MiscellaneousEquipment,FALSE,GeneralScale,,
GeneralSolidsProportioner,MiscellaneousEquipment,FALSE,GeneralSolidsProportioner,,
IndustrialTruck,MiscellaneousEquipment,FALSE,IndustrialTruck,,
PackedTower,MiscellaneousEquipment,FALSE,PackedTower,,
PelletizingDiskShapingMachine,MiscellaneousEquipment,FALSE,PelletizingDiskShapingMachine,,
PistonPressShapingMachine,MiscellaneousEquipment,FALSE,PistonPressShapingMachine,,
RollerPressShapingMachine,MiscellaneousEquipment,FALSE,RollerPressShapingMachine,,
RollStand,MiscellaneousEquipment,FALSE,RollStand,,
RotaryTable,MiscellaneousEquipment,FALSE,RotaryTable,,
RotaryValveFeeder,MiscellaneousEquipment,FALSE,RotaryValveFeeder,,
ScrewTypeExtruderShapingMachine,MiscellaneousEquipment,FALSE,ScrewTypeExtruderShapingMachine,,
Ship,MiscellaneousEquipment,FALSE,Ship,,
Silo,MiscellaneousEquipment,FALSE,Silo,,
StackChimney,MiscellaneousEquipment,FALSE,StackChimney,,
WeighbridgeScale,MiscellaneousEquipment,FALSE,WeighbridgeScale,,
MixingEquipment,Equipment,FALSE,MixingEquipment,,
AnchorAgitator,MixingEquipment,FALSE,AnchorAgitator,,
BladeAgitator,MixingEquipment,FALSE,BladeAgitator,,
CrossBeamAgitator,MixingEquipment,FALSE,CrossBeamAgitator,,
DiskAgitator,MixingEquipment,FALSE,DiskAgitator,,
GatePaddleAgitator,MixingEquipment,FALSE,GatePaddleAgitator,,
GeneralAgitator,MixingEquipment,FALSE,GeneralAgitator,,
GeneralMixer,MixingEquipment,FALSE,GeneralMixer,,
HelicalAgitator,MixingEquipment,FALSE,HelicalAgitator,,
ImpellerAgitator,MixingEquipment,FALSE,ImpellerAgitator,,
MixerAgitator,MixingEquipment,FALSE,MixerAgitator,,
PaddleAgitator,MixingEquipment,FALSE,PaddleAgitator,,
PropellerAgitator,MixingEquipment,FALSE,PropellerAgitator,,
StaticMixer,MixingEquipment,FALSE,StaticMixer,,
TurbineAgitator,MixingEquipment,FALSE,TurbineAgitator,,
Pumps,Equipment,FALSE,Pumps,,
CentrifugalPump,Pumps,FALSE,CentrifugalPump,2.0,
CentrifugalSumpPump,Pumps,FALSE,CentrifugalSumpPump,,
DiaphragmPump,Pumps,FALSE,DiaphragmPump,,
GearPump,Pumps,FALSE,GearPump,,
GeneralPump,Pumps,FALSE,GeneralPump,,
HelicalRotorPump,Pumps,FALSE,HelicalRotorPump,,
HorizontalCentrifugalPump,Pumps,FALSE,HorizontalCentrifugalPump,,
LiquidJetPump,Pumps,FALSE,LiquidJetPump,,
LiquidRingVacuumPump,Pumps,FALSE,LiquidRingVacuumPump,,
PositiveDisplacementPump,Pumps,FALSE,PositiveDisplacementPump,,
ProgressiveCavityPump,Pumps,FALSE,ProgressiveCavityPump,,
ReciprocatingPump,Pumps,FALSE,ReciprocatingPump,,
ScrewPump,Pumps,FALSE,ScrewPump,,
VerticalCanPump,Pumps,FALSE,VerticalCanPump,,
VerticalInlinePump,Pumps,FALSE,VerticalInlinePump,,
RotaryPistonPump,Pumps,FALSE,RotaryPistonPump,,
ElectromagneticPump,Pumps,FALSE,ElectromagneticPump,,
Tanks,Equipment,FALSE,Tanks,,
Bag,Tanks,FALSE,Bag,,
ConeRoofTank,Tanks,FALSE,ConeRoofTank,,
ConicalBin,Tanks,FALSE,ConicalBin,,
ConicalHeadsVessel,Tanks,FALSE,ConicalHeadsVessel,,
Container,Tanks,FALSE,Container,,
CoolingTower,Tanks,FALSE,CoolingTower,,
DishedHeadsVessel,Tanks,FALSE,DishedHeadsVessel,,
DistillationTower,Tanks,FALSE,DistillationTower,,
DomeRoofTank,Tanks,FALSE,DomeRoofTank,,
DoubleWallTank,Tanks,FALSE,DoubleWallTank,,
ExternalFloatingRoofTank,Tanks,FALSE,ExternalFloatingRoofTank,,
FixedBedColumn,Tanks,FALSE,FixedBedColumn,,
FloatingRoofTank,Tanks,FALSE,FloatingRoofTank,,
FluidizedBedColumn,Tanks,FALSE,FluidizedBedColumn,,
FullTubeCoilVessel,Tanks,FALSE,FullTubeCoilVessel,,
GasCylinder,Tanks,FALSE,GasCylinder,,
GasHolder,Tanks,FALSE,GasHolder,,
GeneralBasin,Tanks,FALSE,GeneralBasin,,
GeneralColumn,Tanks,FALSE,GeneralColumn,,
GeneralColumnWithTrays,Tanks,FALSE,GeneralColumnWithTrays,,
GeneralVessel,Tanks,FALSE,GeneralVessel,,
InternalFloatingRoofTank,Tanks,FALSE,InternalFloatingRoofTank,,
JacketedVessel,Tanks,FALSE,JacketedVessel,,
OpenTopTank,Tanks,FALSE,OpenTopTank,,
Reactor,Tanks,FALSE,Reactor,,
SemiTubeVessel,Tanks,FALSE,SemiTubeVessel,,
Sphere,Tanks,FALSE,Sphere,,
SphericalVessel,Tanks,FALSE,SphericalVessel,,
Vessel,Tanks,FALSE,Vessel,5.0,
VesselWithPackedSection,Tanks,FALSE,VesselWithPackedSection,,
VesselWithTrayedInternals,Tanks,FALSE,VesselWithTrayedInternals,,
WeightHopper,Tanks,FALSE,WeightHopper,,
ChemicalTreatmentWater,Tanks,FALSE,ChemicalTreatmentWater,,
WaterTreatmentTank,Tanks,FALSE,WaterTreatmentTank,,
WaterTreatmentTankOpen,Tanks,FALSE,WaterTreatmentTankOpen,,
WaterTreatmentTankOpenWithStirrer,Tanks,FALSE,WaterTreatmentTankOpenWithStirrer,,
WaterTreatmentTankOpenWithOverPressure,Tanks,FALSE,WaterTreatmentTankOpenWithOverPressure,,
RapidCleaningTank,Tanks,FALSE,RapidCleaningTank,,
MeteringDevice,Tanks,FALSE,MeteringDevice,,
VesselWithDishedEndsGeneral,Tanks,FALSE,VesselWithDishedEndsGeneral,,
VesselWithTaperedEnds,Tanks,FALSE,VesselWithTaperedEnds,,
VesselWithPipeCoils,Tanks,FALSE,VesselWithPipeCoils,,
VesselWithTricklingDeaeration,Tanks,FALSE,VesselWithTricklingDeaeration,,
VesselTricklingDeaerationandSteamAdmissionBottom,Tanks,FALSE,VesselTricklingDeaerationandSteamAdmissionBottom,,
VesselWithSprayDeaeration,Tanks,FALSE,VesselWithSprayDeaeration,,
VesselWithSprayDeaerationAndSpraynozzles,Tanks,FALSE,VesselWithSprayDeaerationAndSpraynozzles,,
GravityAccumulator,Tanks,FALSE,GravityAccumulator,,
BarrelDrum,Tanks,FALSE,BarrelDrum,,
NuclearReactors,Equipment,FALSE,NuclearReactors,,
NuclearReactorGeneral,NuclearReactors,FALSE,NuclearReactorGeneral,,
RepOperatingAreas,NuclearReactors,FALSE,RepOperatingAreas,,
PressurizedWaterReactor,NuclearReactors,FALSE,PressurizedWaterReactor,,
BoilingWaterReactor,NuclearReactors,FALSE,BoilingWaterReactor,,
AdvancedGasCooledReactor,NuclearReactors,FALSE,AdvancedGasCooledReactor,,
HighTemperatureReactor,NuclearReactors,FALSE,HighTemperatureReactor,,
FastBreederReactor,NuclearReactors,FALSE,FastBreederReactor,,
EnergySymbols,Equipment,FALSE,EnergySymbols,,
MechanicalEnergy,EnergySymbols,FALSE,MechanicalEnergy,,
PneumaticEnergy,EnergySymbols,FALSE,PneumaticEnergy,,
HeatEnergy,EnergySymbols,FALSE,HeatEnergy,,
SteamEnergy,EnergySymbols,FALSE,SteamEnergy,,
WaterEnergy,EnergySymbols,FALSE,WaterEnergy,,
ElectricEnergy,EnergySymbols,FALSE,ElectricEnergy,,
HydraulicEnergy,EnergySymbols,FALSE,HydraulicEnergy,,
LightEnergy,EnergySymbols,FALSE,LightEnergy,,
RadiationEnergy,EnergySymbols,FALSE,RadiationEnergy,,
IonizingRadiationEnergy,EnergySymbols,FALSE,IonizingRadiationEnergy,,
InLineAssets,EngineeringItems,FALSE,InLineAssets,,
HandValves,InLineAssets,FALSE,HandValves,1.0,
AngleBallValve,HandValves,FALSE,AngleBallValve,,
AngleGlobeValve,HandValves,FALSE,AngleGlobeValve,,
AngleValve,HandValves,FALSE,AngleValve,1.0,
BallValve,HandValves,FALSE,BallValve,,
BreatherValve,HandValves,FALSE,BreatherValve,,
ButterflyValve,HandValves,FALSE,ButterflyValve,,
CheckValve,HandValves,FALSE,CheckValve,,
ContinuouslyOperatedValve,HandValves,FALSE,ContinuouslyOperatedValve,,
DiaphragmValve,HandValves,FALSE,DiaphragmValve,,
DiverterValve,HandValves,FALSE,DiverterValve,,
ExcessFlowValve,HandValves,FALSE,ExcessFlowValve,,
FourWayValve,HandValves,FALSE,FourWayValve,,
GateValve,HandValves,FALSE,GateValve,3.0,
GenericRotaryValve,HandValves,FALSE,GenericRotaryValve,,
GlobeValve,HandValves,FALSE,GlobeValve,,
KnifeValve,HandValves,FALSE,KnifeValve,,
LiftCheckValve,HandValves,FALSE,LiftCheckValve,,
NeedleValve,HandValves,FALSE,NeedleValve,,
PinchValve,HandValves,FALSE,PinchValve,,
PlugValve,HandValves,FALSE,PlugValve,,
RotaryValve,HandValves,FALSE,RotaryValve,,
StopCheckValve,HandValves,FALSE,StopCheckValve,,
SwingCheckValve,HandValves,FALSE,SwingCheckValve,,
ThreeWayBallValve,HandValves,FALSE,ThreeWayBallValve,,
ThreeWayGlobeValve,HandValves,FALSE,ThreeWayGlobeValve,,
ThreeWayValve,HandValves,FALSE,ThreeWayValve,,
ValveGeneral,HandValves,FALSE,ValveGeneral,,
StraightwayCheckValve,HandValves,FALSE,StraightwayCheckValve,,
ScrewdownStraightwayCheckValve,HandValves,FALSE,ScrewdownStraightwayCheckValve,,
AngleCheckValve,HandValves,FALSE,AngleCheckValve,,
ScrewdownAngleCheckValve,HandValves,FALSE,ScrewdownAngleCheckValve,,
BallCheckValve,HandValves,FALSE,BallCheckValve,,
StraightwayProgressiveAdjustment,HandValves,FALSE,StraightwayProgressiveAdjustment,,
AngleValveProgressiveAdjustmentCharacteristic,HandValves,FALSE,AngleValveProgressiveAdjustmentCharacteristic,,
BallFloatValve,HandValves,FALSE,BallFloatValve,,
HoseClamp,HandValves,FALSE,HoseClamp,,
StraightwayPressureReducing,HandValves,FALSE,StraightwayPressureReducing,,
StraightwayPressureReducingInjection,HandValves,FALSE,StraightwayPressureReducingInjection,,
AnglePressureReducingInjection,HandValves,FALSE,AnglePressureReducingInjection,,
ThreewayPressureReducingInjection,HandValves,FALSE,ThreewayPressureReducingInjection,,
GateValveprogressiveAdjustment,HandValves,FALSE,GateValveprogressiveAdjustment,,
ButterflyValveProgressiveAdjustmentCharacteristic,HandValves,FALSE,ButterflyValveProgressiveAdjustmentCharacteristic,,
LouverDamper,HandValves,FALSE,LouverDamper,,
RollShutterDamper,HandValves,FALSE,RollShutterDamper,,
FlowLimiterWithOrificePlate,HandValves,FALSE,FlowLimiterWithOrificePlate,,
InspectionGlass,HandValves,FALSE,InspectionGlass,,
MixingSection,HandValves,FALSE,MixingSection,,
FreezingSection,HandValves,FALSE,FreezingSection,,
CoolingSection,HandValves,FALSE,CoolingSection,,
CoolingTrapGeneral,HandValves,FALSE,CoolingTrapGeneral,,
SoundAbsorberGeneral,HandValves,FALSE,SoundAbsorberGeneral,,
DetonationSafeguardPipelines,HandValves,FALSE,DetonationSafeguardPipelines,,
FlashbackArrester,HandValves,FALSE,FlashbackArrester,,
VapourTrapGeneral,HandValves,FALSE,VapourTrapGeneral,,
PipingFittings,InLineAssets,FALSE,PipingFittings,,
Blank,PipingFittings,FALSE,Blank,,
BlankWithFlanges,PipingFittings,FALSE,BlankWithFlanges,,
BlindDisk,PipingFittings,FALSE,BlindDisk,,
BlindFlange,PipingFittings,FALSE,BlindFlange,,
Cap,PipingFittings,FALSE,Cap,,
ChemicalSeal,PipingFittings,FALSE,ChemicalSeal,,
ClosedFigure8Blind,PipingFittings,FALSE,ClosedFigure8Blind,,
ClosedFigure8BlindWithFlanges,PipingFittings,FALSE,ClosedFigure8BlindWithFlanges,,
Coupling,PipingFittings,FALSE,Coupling,,
Flange,PipingFittings,FALSE,Flange,,
HoseConnection,PipingFittings,FALSE,HoseConnection,,
MixingNozzleInjector,PipingFittings,FALSE,MixingNozzleInjector,,
OpenFigure8Blind,PipingFittings,FALSE,OpenFigure8Blind,,
OpenFigure8BlindWithFlanges,PipingFittings,FALSE,OpenFigure8BlindWithFlanges,,
OrificePlate,PipingFittings,FALSE,OrificePlate,,
Plug,PipingFittings,FALSE,Plug,,
SightGlass,PipingFittings,FALSE,SightGlass,,
Spacer,PipingFittings,FALSE,Spacer,,
SpacerWithFlanges,PipingFittings,FALSE,SpacerWithFlanges,,
SpectacleBlind,PipingFittings,FALSE,SpectacleBlind,,
Strainer,PipingFittings,FALSE,Strainer,,
UndefinedInterlockLogic,PipingFittings,FALSE,UndefinedInterlockLogic,,
WeldedConnection,PipingFittings,FALSE,WeldedConnection,,
CouplingContinuouslyVariable,PipingFittings,FALSE,CouplingContinuouslyVariable,,
HydraulicCoupling,PipingFittings,FALSE,HydraulicCoupling,,
ElectromagneticCoupling,PipingFittings,FALSE,ElectromagneticCoupling,,
GearGeneral,PipingFittings,FALSE,GearGeneral,,
PumpElectricMotorDriveGearboxTurboCoupling,PipingFittings,FALSE,PumpElectricMotorDriveGearboxTurboCoupling,,
PumpElectricMotorDriveSpeedControlCouplingBoosterPump,PipingFittings,FALSE,PumpElectricMotorDriveSpeedControlCouplingBoosterPump,,
BurstingDiscBurstingDiagphragm,PipingFittings,FALSE,BurstingDiscBurstingDiagphragm,,
SteamTrapA,PipingFittings,FALSE,SteamTrapA,,
PipingSpecialtyItems,InLineAssets,FALSE,PipingSpecialtyItems,,
BasketStrainer,PipingSpecialtyItems,FALSE,BasketStrainer,,
Breather,PipingSpecialtyItems,FALSE,Breather,,
Compensator,PipingSpecialtyItems,FALSE,Compensator,,
ConeStrainer,PipingSpecialtyItems,FALSE,ConeStrainer,,
Damper,PipingSpecialtyItems,FALSE,Damper,,
Desuperheater,PipingSpecialtyItems,FALSE,Desuperheater,,
DetonationArrestor,PipingSpecialtyItems,FALSE,DetonationArrestor,,
DetonationProofFlameArrestor,PipingSpecialtyItems,FALSE,DetonationProofFlameArrestor,,
DuplexStrainer,PipingSpecialtyItems,FALSE,DuplexStrainer,,
EjectorOrEductor,PipingSpecialtyItems,FALSE,EjectorOrEductor,,
ExhaustHead,PipingSpecialtyItems,FALSE,ExhaustHead,,
ExpansionJoint,PipingSpecialtyItems,FALSE,ExpansionJoint,,
ExplosionProofFlameArrestor,PipingSpecialtyItems,FALSE,ExplosionProofFlameArrestor,,
FilterPipe,PipingSpecialtyItems,FALSE,FilterPipe,,
FireResistantDetonationProofFlameArrestor,PipingSpecialtyItems,FALSE,FireResistantDetonationProofFlameArrestor,,
FireResistantFlameArrestor,PipingSpecialtyItems,FALSE,FireResistantFlameArrestor,,
FlameArrestor,PipingSpecialtyItems,FALSE,FlameArrestor,,
FlexibleHose,PipingSpecialtyItems,FALSE,FlexibleHose,,
Funnel,PipingSpecialtyItems,FALSE,Funnel,,
InLineMixer,PipingSpecialtyItems,FALSE,InLineMixer,,
InLineSilencer,PipingSpecialtyItems,FALSE,InLineSilencer,,
PipeConduitJacket,PipingSpecialtyItems,FALSE,PipeConduitJacket,,
PipeHeatingCooling,PipingSpecialtyItems,FALSE,PipeHeatingCooling,,
PipeHeatingCoolingInsulated,PipingSpecialtyItems,FALSE,PipeHeatingCoolingInsulated,,
PipeInsulated,PipingSpecialtyItems,FALSE,PipeInsulated,,
PulsationDamper,PipingSpecialtyItems,FALSE,PulsationDamper,,
RemovableSpool,PipingSpecialtyItems,FALSE,RemovableSpool,,
Siphon,PipingSpecialtyItems,FALSE,Siphon,,
SteamTrap,PipingSpecialtyItems,FALSE,SteamTrap,,
TemporaryStrainer,PipingSpecialtyItems,FALSE,TemporaryStrainer,,
TTypeStrainer,PipingSpecialtyItems,FALSE,TTypeStrainer,,
VentCover,PipingSpecialtyItems,FALSE,VentCover,,
VentSilencer,PipingSpecialtyItems,FALSE,VentSilencer,,
YTypeStrainer,PipingSpecialtyItems,FALSE,YTypeStrainer,,
DischargeFunnel,PipingSpecialtyItems,FALSE,DischargeFunnel,,
DrainPan,PipingSpecialtyItems,FALSE,DrainPan,,
DrainChannel,PipingSpecialtyItems,FALSE,DrainChannel,,
SprayNozzle,PipingSpecialtyItems,FALSE,SprayNozzle,,
Suction,PipingSpecialtyItems,FALSE,Suction,,
DischargeForGasSteam,PipingSpecialtyItems,FALSE,DischargeForGasSteam,,
Reducers,InLineAssets,FALSE,Reducers,,
ConcentricReducer,Reducers,FALSE,ConcentricReducer,,
EccentricReducer,Reducers,FALSE,EccentricReducer,,
Reducer,Reducers,FALSE,Reducer,,
Instrumentation,EngineeringItems,FALSE,Instrumentation,,
GeneralInstrumentSymbols,Instrumentation,FALSE,GeneralInstrumentSymbols,,
AuxiliaryAccessibleComputer,GeneralInstrumentSymbols,FALSE,AuxiliaryAccessibleComputer,,
AuxiliaryInaccessibleComputer,GeneralInstrumentSymbols,FALSE,AuxiliaryInaccessibleComputer,,
AuxiliaryLocAccessibleDCS,GeneralInstrumentSymbols,FALSE,AuxiliaryLocAccessibleDCS,,
AuxiliaryLocAccessibleDiscreteInstrument,GeneralInstrumentSymbols,FALSE,AuxiliaryLocAccessibleDiscreteInstrument,,
AuxiliaryLocAccessiblePLC,GeneralInstrumentSymbols,FALSE,AuxiliaryLocAccessiblePLC,,
AuxiliaryLocInaccessibleDCS,GeneralInstrumentSymbols,FALSE,AuxiliaryLocInaccessibleDCS,,
AuxiliaryLocInaccessibleDiscreteInstrument,GeneralInstrumentSymbols,FALSE,AuxiliaryLocInaccessibleDiscreteInstrument,,
AuxiliaryLocInaccessiblePLC,GeneralInstrumentSymbols,FALSE,AuxiliaryLocInaccessiblePLC,,
FieldMountedComputer,GeneralInstrumentSymbols,FALSE,FieldMountedComputer,,
FieldMountedDCS,GeneralInstrumentSymbols,FALSE,FieldMountedDCS,2.0,
FieldMountedDiscreteHardwareInterlock,GeneralInstrumentSymbols,FALSE,FieldMountedDiscreteHardwareInterlock,,
FieldMountedDiscreteInstrument,GeneralInstrumentSymbols,FALSE,FieldMountedDiscreteInstrument,,
FieldMountedPLC,GeneralInstrumentSymbols,FALSE,FieldMountedPLC,,
PrimaryComputer,GeneralInstrumentSymbols,FALSE,PrimaryComputer,,
PrimaryInaccessibleComputer,GeneralInstrumentSymbols,FALSE,PrimaryInaccessibleComputer,,
PrimaryLocAccessibleDCS,GeneralInstrumentSymbols,FALSE,PrimaryLocAccessibleDCS,,
PrimaryLocAccessibleDiscreteInstrument,GeneralInstrumentSymbols,FALSE,PrimaryLocAccessibleDiscreteInstrument,,
PrimaryLocAccessiblePLC,GeneralInstrumentSymbols,FALSE,PrimaryLocAccessiblePLC,,
PrimaryLocInaccessibleDCS,GeneralInstrumentSymbols,FALSE,PrimaryLocInaccessibleDCS,,
PrimaryLocInaccessibleDiscreteInstrument,GeneralInstrumentSymbols,FALSE,PrimaryLocInaccessibleDiscreteInstrument,,
PrimaryLocInaccessiblePLC,GeneralInstrumentSymbols,FALSE,PrimaryLocInaccessiblePLC,,
InlineInstruments,Instrumentation,FALSE,InlineInstruments,,
AveragingPitotTube,InlineInstruments,FALSE,AveragingPitotTube,,
ControlValve,InlineInstruments,FALSE,ControlValve,,
CornerTap,InlineInstruments,FALSE,CornerTap,,
ElementWithInternalTransmitter,InlineInstruments,FALSE,ElementWithInternalTransmitter,,
ElementWithTransmitter,InlineInstruments,FALSE,ElementWithTransmitter,,
FloatTypeLevelIndicator,InlineInstruments,FALSE,FloatTypeLevelIndicator,,
FlowConditioningDevice,InlineInstruments,FALSE,FlowConditioningDevice,,
FlowElement,InlineInstruments,FALSE,FlowElement,,
FlowNozzle,InlineInstruments,FALSE,FlowNozzle,,
FlowSwitch,InlineInstruments,FALSE,FlowSwitch,,
Flume,InlineInstruments,FALSE,Flume,,
Glass,InlineInstruments,FALSE,Glass,,
InstrumentWell,InlineInstruments,FALSE,InstrumentWell,,
Magnetic,InlineInstruments,FALSE,Magnetic,,
Orifice,InlineInstruments,FALSE,Orifice,,
OrificeInQuickChangeFitting,InlineInstruments,FALSE,OrificeInQuickChangeFitting,,
PitotTube,InlineInstruments,FALSE,PitotTube,,
PositiveDisplacement,InlineInstruments,FALSE,PositiveDisplacement,,
ReliefValves,InlineInstruments,FALSE,ReliefValves,,
AngleSafetyValve,ReliefValves,FALSE,AngleSafetyValve,,
AngleSpringSafetyValve,ReliefValves,FALSE,AngleSpringSafetyValve,,
PilotOperatedReliefValve,ReliefValves,FALSE,PilotOperatedReliefValve,,
PressureAndVacuumReliefValve,ReliefValves,FALSE,PressureAndVacuumReliefValve,,
PressureReliefManholeCover,ReliefValves,FALSE,PressureReliefManholeCover,,
PressureReliefValve,ReliefValves,FALSE,PressureReliefValve,1.0,
PressureReliefValveWithSolenoid,ReliefValves,FALSE,PressureReliefValveWithSolenoid,,
RuptureDisc,ReliefValves,FALSE,RuptureDisc,,
RuptureDiscForPressureRelief,ReliefValves,FALSE,RuptureDiscForPressureRelief,,
RuptureDiscForVacuumRelief,ReliefValves,FALSE,RuptureDiscForVacuumRelief,,
SafetyValve,ReliefValves,FALSE,SafetyValve,,
VacuumReliefValve,ReliefValves,FALSE,VacuumReliefValve,,
RestrictionOrifice,InlineInstruments,FALSE,RestrictionOrifice,,
Rotameter,InlineInstruments,FALSE,Rotameter,,
RotameterWithIntegralValve,InlineInstruments,FALSE,RotameterWithIntegralValve,,
SurfaceMountedTemperatureSensor,InlineInstruments,FALSE,SurfaceMountedTemperatureSensor,,
Target,InlineInstruments,FALSE,Target,,
TurbineOrPropeller,InlineInstruments,FALSE,TurbineOrPropeller,,
Ultrasonic,InlineInstruments,FALSE,Ultrasonic,,
Venturi,InlineInstruments,FALSE,Venturi,,
VolumeMeter,InlineInstruments,FALSE,VolumeMeter,,
Vortex,InlineInstruments,FALSE,Vortex,,
WedgeMeter,InlineInstruments,FALSE,WedgeMeter,,
Weir,InlineInstruments,FALSE,Weir,,
Controller,InlineInstruments,FALSE,Controller,,
SignalLamp,InlineInstruments,FALSE,SignalLamp,,
AcousticSignal,InlineInstruments,FALSE,AcousticSignal,,
TelevisionCamera,InlineInstruments,FALSE,TelevisionCamera,,
Fault,InlineInstruments,FALSE,Fault,,
EliminationOfFault,InlineInstruments,FALSE,EliminationOfFault,,
MeasuredValueIndicatorAnalogous,InlineInstruments,FALSE,MeasuredValueIndicatorAnalogous,,
MeasuredValueIndicatorAnalogousZeroAtCentre,InlineInstruments,FALSE,MeasuredValueIndicatorAnalogousZeroAtCentre,,
MeasuredValueIndicatorAnalogousNegativeRange,InlineInstruments,FALSE,MeasuredValueIndicatorAnalogousNegativeRange,,
MeasuredValueIndicatorDigital,InlineInstruments,FALSE,MeasuredValueIndicatorDigital,,
Recorder,InlineInstruments,FALSE,Recorder,,
GeneralCounter,InlineInstruments,FALSE,GeneralCounter,,
Limiter,InlineInstruments,FALSE,Limiter,,
MaximumValueLimiter,InlineInstruments,FALSE,MaximumValueLimiter,,
MinimumValueLimiter,InlineInstruments,FALSE,MinimumValueLimiter,,
Adjuster,InlineInstruments,FALSE,Adjuster,,
ChangeOverDevice,InlineInstruments,FALSE,ChangeOverDevice,,
LockingDevice,InlineInstruments,FALSE,LockingDevice,,
MainPulseIncrease,InlineInstruments,FALSE,MainPulseIncrease,,
MainPulseDecrease,InlineInstruments,FALSE,MainPulseDecrease,,
LimitingPulseUpperLimitingValue,InlineInstruments,FALSE,LimitingPulseUpperLimitingValue,,
LimitingPulseLowerLimitingValue,InlineInstruments,FALSE,LimitingPulseLowerLimitingValue,,
LimitingPulseClosesUpperLimitingValue,InlineInstruments,FALSE,LimitingPulseClosesUpperLimitingValue,,
LimitingPulseClosesLowerLimitingValue,InlineInstruments,FALSE,LimitingPulseClosesLowerLimitingValue,,
FlowMeasurement,InlineInstruments,FALSE,FlowMeasurement,,
LevelMeasurement,InlineInstruments,FALSE,LevelMeasurement,,
HumidityMeasurement,InlineInstruments,FALSE,HumidityMeasurement,,
PressureMeasurement,InlineInstruments,FALSE,PressureMeasurement,,
pHValueMeasurement,InlineInstruments,FALSE,pHValueMeasurement,,
ConductivityMeasurement,InlineInstruments,FALSE,ConductivityMeasurement,,
RadiationMeasurement,InlineInstruments,FALSE,RadiationMeasurement,,
LuminousRadiationMeasurement,InlineInstruments,FALSE,LuminousRadiationMeasurement,,
IonizingradiationMeasurement,InlineInstruments,FALSE,IonizingradiationMeasurement,,
RotationalSpeedMeasurement,InlineInstruments,FALSE,RotationalSpeedMeasurement,,
TemperatureMeasurement,InlineInstruments,FALSE,TemperatureMeasurement,,
ExpansionMeasurement,InlineInstruments,FALSE,ExpansionMeasurement,,
VibrationMeasurement,InlineInstruments,FALSE,VibrationMeasurement,,
DetectorIonizingRadiationCountingTube,InlineInstruments,FALSE,DetectorIonizingRadiationCountingTube,,
DetectorIonizingRadiationIonizationChamber,InlineInstruments,FALSE,DetectorIonizingRadiationIonizationChamber,,
Lines,EngineeringItems,FALSE,Lines,,
PipeLines,Lines,FALSE,PipeLines,1.0,
ExistingPrimary,PipeLines,FALSE,ExistingPrimary,,
ExistingSecondary,PipeLines,FALSE,ExistingSecondary,,
Jacketed,PipeLines,FALSE,Jacketed,,
NewPrimary,PipeLines,FALSE,NewPrimary,,
NewSecondary,PipeLines,FALSE,NewSecondary,,
Primary,PipeLines,FALSE,Primary,,
Secondary,PipeLines,FALSE,Secondary,,
SignalLines,Lines,FALSE,SignalLines,,
CapillaryTube,SignalLines,FALSE,CapillaryTube,,
Electrical,SignalLines,FALSE,Electrical,,
ElectromagneticSignal,SignalLines,FALSE,ElectromagneticSignal,,
ElectromagneticSignalNotGuided,SignalLines,FALSE,ElectromagneticSignalNotGuided,,
GeneralSignal,SignalLines,FALSE,GeneralSignal,,
Hydraulic,SignalLines,FALSE,Hydraulic,,
Leader,SignalLines,FALSE,Leader,,
MechanicalLink,SignalLines,FALSE,MechanicalLink,,
Pneumatic,SignalLines,FALSE,Pneumatic,,
Radiation,SignalLines,FALSE,Radiation,,
Software,SignalLines,FALSE,Software,,
Tubing,SignalLines,FALSE,Tubing,,
UndefinedSignal,SignalLines,FALSE,UndefinedSignal,,
Nozzles,EngineeringItems,FALSE,Nozzles,,
AssumedNozzle,Nozzles,FALSE,AssumedNozzle,,
DoubleLineNozzle,Nozzles,FALSE,DoubleLineNozzle,,
FlangedNozzle,Nozzles,FALSE,FlangedNozzle,,
FrontFacingNozzle,Nozzles,FALSE,FrontFacingNozzle,,
SingleLineNozzle,Nozzles,FALSE,SingleLineNozzle,,
NonEngineeringItems,PnPBase,FALSE,NonEngineeringItems,,
Actuators,NonEngineeringItems,FALSE,Actuators,,
BackPressureRegulator,Actuators,FALSE,BackPressureRegulator,,
BackpressureRegulatorSelfContained,Actuators,FALSE,BackpressureRegulatorSelfContained,,
BackpressureRegulatorWithExternalPressureTap,Actuators,FALSE,BackpressureRegulatorWithExternalPressureTap,,
BackPressureRegulatorWithExternalTap,Actuators,FALSE,BackPressureRegulatorWithExternalTap,,
CylinderOrPiston,Actuators,FALSE,CylinderOrPiston,,
Diaphragm,Actuators,FALSE,Diaphragm,,
DiaphragmSpring,Actuators,FALSE,DiaphragmSpring,,
DifferentialPressureReducingregulator,Actuators,FALSE,DifferentialPressureReducingregulator,,
Digital,Actuators,FALSE,Digital,,
ElectroHydraulic,Actuators,FALSE,ElectroHydraulic,,
HandWheelWithActuator,Actuators,FALSE,HandWheelWithActuator,,
ManualOperator,Actuators,FALSE,ManualOperator,,
PositionerAndSolenoid,Actuators,FALSE,PositionerAndSolenoid,,
PressureBalancedDiaphragm,Actuators,FALSE,PressureBalancedDiaphragm,,
PressureReducingRegulator,Actuators,FALSE,PressureReducingRegulator,,
PressureReducingRegulatorWithExternalTap,Actuators,FALSE,PressureReducingRegulatorWithExternalTap,,
PressureReducingRegulatorWithIntegralOutlet,Actuators,FALSE,PressureReducingRegulatorWithIntegralOutlet,,
RotaryMotor,Actuators,FALSE,RotaryMotor,,
Solenoid,Actuators,FALSE,Solenoid,,
SolenoidManualReset,Actuators,FALSE,SolenoidManualReset,,
SolenoidRemoteReset,Actuators,FALSE,SolenoidRemoteReset,,
Spring,Actuators,FALSE,Spring,,
TemperatureRegulatorFilledSystemType,Actuators,FALSE,TemperatureRegulatorFilledSystemType,,
ThrottlingActuator,Actuators,FALSE,ThrottlingActuator,,
VelocityIncreased,Actuators,FALSE,VelocityIncreased,,
ValveWithMovementQuickBothDirections,Actuators,FALSE,ValveWithMovementQuickBothDirections,,
ValveIndicationOfTheDirectionUp,Actuators,FALSE,ValveIndicationOfTheDirectionUp,,
ValveIndicationOfTheDirectionDown,Actuators,FALSE,ValveIndicationOfTheDirectionDown,,
ValveWithRemainsPresetPosition,Actuators,FALSE,ValveWithRemainsPresetPosition,,
ValveConnectionsOnValveBody,Actuators,FALSE,ValveConnectionsOnValveBody,,
ValveConnectionForSealingMedia,Actuators,FALSE,ValveConnectionForSealingMedia,,
ValveConnectionForSuction,Actuators,FALSE,ValveConnectionForSuction,,
ConnectionForNonCirculatingCooling,Actuators,FALSE,ConnectionForNonCirculatingCooling,,
ValveStemPenetratingWall,Actuators,FALSE,ValveStemPenetratingWall,,
ValveWithCoupling,Actuators,FALSE,ValveWithCoupling,,
ValveWithCouplinglocatedUnderFloor,Actuators,FALSE,ValveWithCouplinglocatedUnderFloor,,
MotorActuated,Actuators,FALSE,MotorActuated,,
FluidActuated,Actuators,FALSE,FluidActuated,,
WeightForce,Actuators,FALSE,WeightForce,,
SafetyWeightLoaded,Actuators,FALSE,SafetyWeightLoaded,,
SafetySpringLoaded,Actuators,FALSE,SafetySpringLoaded,,
WeightAuxiliaryElectricMotor,Actuators,FALSE,WeightAuxiliaryElectricMotor,,
SpringAuxiliarySolenoid,Actuators,FALSE,SpringAuxiliarySolenoid,,
ElectricMotorAuxiliaryPiston,Actuators,FALSE,ElectricMotorAuxiliaryPiston,,
ElectricMotorAuxiliaryActuator,Actuators,FALSE,ElectricMotorAuxiliaryActuator,,
ElectricMotorsQuickClosingActuator,Actuators,FALSE,ElectricMotorsQuickClosingActuator,,
Annotation,NonEngineeringItems,FALSE,Annotation,,
ClosedDrainNoPID,NonEngineeringItems,FALSE,ClosedDrainNoPID,,
Connectors,NonEngineeringItems,FALSE,Connectors,,
ClosedDrain,Connectors,FALSE,ClosedDrain,,
InletOutletFlowArrow,Connectors,FALSE,InletOutletFlowArrow,,
LinesAndInstrumentSignalConnector,Connectors,FALSE,LinesAndInstrumentSignalConnector,,
OffPageConnector,Connectors,FALSE,OffPageConnector,1.0,
OpenDrain,Connectors,FALSE,OpenDrain,,
UtilityConnector,Connectors,FALSE,UtilityConnector,,
FlowArrow,NonEngineeringItems,FALSE,FlowArrow,,
Flag,NonEngineeringItems,FALSE,Flag,,
Gap,NonEngineeringItems,FALSE,Gap,,
LineBreakers,NonEngineeringItems,FALSE,LineBreakers,,
GeneralLimit,LineBreakers,FALSE,GeneralLimit,,
SegmentBreaker,LineBreakers,FALSE,SegmentBreaker,,
Pins,LineBreakers,FALSE,Pins,,
OpenPin,Pins,FALSE,OpenPin,,
ClosedPin,Pins,FALSE,ClosedPin,,
OpenDrainNoPID,NonEngineeringItems,FALSE,OpenDrainNoPID,,
TieInSymbol,NonEngineeringItems,FALSE,TieInSymbol,,
PipeLineGroup,PnPBase,FALSE,PipeLineGroup,,
SignalLineGroup,PnPBase,FALSE,SignalLineGroup,,
PnPWorkHistory,PnPBase,FALSE,PnPWorkHistory,,
PnPPainterStyles,PnPBase,FALSE,PnPPainterStyles,,
PnPGlobalPainterStyle,PnPBase,FALSE,PnPGlobalPainterStyle,,
PnPPainterColorSettings,PnPBase,FALSE,PnPPainterColorSettings,,
PnPGeometry,PnPBase,FALSE,PnPGeometry,,
PnPProjectCategories,PnPBase,FALSE,PnPProjectCategories,,
PnPProject,PnPBase,FALSE,PnPProject,,
PnPDrawingCategories,PnPBase,FALSE,PnPDrawingCategories,,
PnPPicklists,PnPBase,FALSE,PnPPicklists,,
PnPPicklistValues,PnPBase,FALSE,PnPPicklistValues,,
PnPProjectVariables,PnPBase,FALSE,PnPProjectVariables,,
PnPTagFormat,PnPBase,FALSE,PnPTagFormat,,
FileNameFormat,PnPBase,FALSE,FileNameFormat,,
PnPAutoGenProperties,PnPBase,FALSE,PnPAutoGenProperties,,
PnPDrawingCustomProperties,PnPBase,FALSE,PnPDrawingCustomProperties,,
PnPTagRegistry,PnPBase,FALSE,PnPTagRegistry,,
FIELDCS2,GeneralInstrumentSymbols,FALSE,FIELDCS2,,
FIELDDCS3,GeneralInstrumentSymbols,FALSE,FIELDDCS3,,
