PnPID,Description,Comment,AcquisitionProperties,Status
2244,SIGNAL LINE GROUP,,,New
2285,SIGNAL LINE GROUP,,,New
2339,SIGNAL LINE GROUP,,,New
2342,SIGNAL LINE GROUP,,,New
2393,SIGNAL LINE GROUP,,,New
2396,SIGNAL LINE GROUP,,,New
2402,SIGNAL LINE GROUP,,,New
2411,SIGNAL LINE GROUP,,,New
2418,SIGNAL LINE GROUP,,,New
2424,SIGNAL LINE GROUP,,,New
2427,SIGNAL LINE GROUP,,,New
2432,SIGNAL LINE GROUP,,,New
2440,SIGNAL LINE GROUP,,,New
2445,SIGNAL LINE GROUP,,,New
2451,SIGNAL LINE GROUP,,,New
2454,SIGNAL LINE GROUP,,,New
2457,SIGNAL LINE GROUP,,,New
2460,SIGNAL LINE GROUP,,,New
2466,SIGNAL LINE GROUP,,,New
2472,SIGNAL LINE GROUP,,,New
2475,SIGNAL LINE GROUP,,,New
2478,SIGNAL LINE GROUP,,,New
2484,SIGNAL LINE GROUP,,,New
2487,SIGNAL LINE GROUP,,,New
2557,SIGNAL LINE GROUP,,,New
2560,SIGNAL LINE GROUP,,,New
2581,SIGNAL LINE GROUP,,,New
4547,SIGNAL LINE GROUP,,,New
4548,SIGNAL LINE GROUP,,,New
4549,SIGNAL LINE GROUP,,,New
4550,SIGNAL LINE GROUP,,,New
4551,SIGNAL LINE GROUP,,,New
4552,SIGNAL LINE GROUP,,,New
4553,SIGNAL LINE GROUP,,,New
4554,SIGNAL LINE GROUP,,,New
4555,SIGNAL LINE GROUP,,,New
4556,SIGNAL LINE GROUP,,,New
4557,SIGNAL LINE GROUP,,,New
4558,SIGNAL LINE GROUP,,,New
4559,SIGNAL LINE GROUP,,,New
4560,SIGNAL LINE GROUP,,,New
4561,SIGNAL LINE GROUP,,,New
4562,SIGNAL LINE GROUP,,,New
4563,SIGNAL LINE GROUP,,,New
4564,SIGNAL LINE GROUP,,,New
4565,SIGNAL LINE GROUP,,,New
4566,SIGNAL LINE GROUP,,,New
4567,SIGNAL LINE GROUP,,,New
4568,SIGNAL LINE GROUP,,,New
4571,SIGNAL LINE GROUP,,,New
4576,SIGNAL LINE GROUP,,,New
4577,SIGNAL LINE GROUP,,,New
4578,SIGNAL LINE GROUP,,,New
4579,SIGNAL LINE GROUP,,,New
5784,SIGNAL LINE GROUP,,,New
5789,SIGNAL LINE GROUP,,,New
5790,SIGNAL LINE GROUP,,,New
5791,SIGNAL LINE GROUP,,,New
5792,SIGNAL LINE GROUP,,,New
5793,SIGNAL LINE GROUP,,,New
5794,SIGNAL LINE GROUP,,,New
5795,SIGNAL LINE GROUP,,,New
5796,SIGNAL LINE GROUP,,,New
5797,SIGNAL LINE GROUP,,,New
5798,SIGNAL LINE GROUP,,,New
5799,SIGNAL LINE GROUP,,,New
5801,SIGNAL LINE GROUP,,,New
5802,SIGNAL LINE GROUP,,,New
5803,SIGNAL LINE GROUP,,,New
5804,SIGNAL LINE GROUP,,,New
5805,SIGNAL LINE GROUP,,,New
5806,SIGNAL LINE GROUP,,,New
5807,SIGNAL LINE GROUP,,,New
5808,SIGNAL LINE GROUP,,,New
5809,SIGNAL LINE GROUP,,,New
5810,SIGNAL LINE GROUP,,,New
5811,SIGNAL LINE GROUP,,,New
5812,SIGNAL LINE GROUP,,,New
5813,SIGNAL LINE GROUP,,,New
5814,SIGNAL LINE GROUP,,,New
5815,SIGNAL LINE GROUP,,,New
6369,SIGNAL LINE GROUP,,,New
6370,SIGNAL LINE GROUP,,,New
6371,SIGNAL LINE GROUP,,,New
6436,SIGNAL LINE GROUP,,,New
6463,SIGNAL LINE GROUP,,,New
6551,SIGNAL LINE GROUP,,,New
6557,SIGNAL LINE GROUP,,,New
6620,SIGNAL LINE GROUP,,,New
6842,SIGNAL LINE GROUP,,,New
7028,SIGNAL LINE GROUP,,,New
8661,SIGNAL LINE GROUP,,,New
8917,SIGNAL LINE GROUP,,,New
9138,SIGNAL LINE GROUP,,,New
9216,SIGNAL LINE GROUP,,,New
11932,SIGNAL LINE GROUP,,,New
11942,SIGNAL LINE GROUP,,,New
12008,SIGNAL LINE GROUP,,,New
12048,SIGNAL LINE GROUP,,,New
12071,SIGNAL LINE GROUP,,,New
12081,SIGNAL LINE GROUP,,,New
12086,SIGNAL LINE GROUP,,,New
12109,SIGNAL LINE GROUP,,,New
12155,SIGNAL LINE GROUP,,,New
12158,SIGNAL LINE GROUP,,,New
12278,SIGNAL LINE GROUP,,,New
12281,SIGNAL LINE GROUP,,,New
12284,SIGNAL LINE GROUP,,,New
12304,SIGNAL LINE GROUP,,,New
12326,SIGNAL LINE GROUP,,,New
12332,SIGNAL LINE GROUP,,,New
12343,SIGNAL LINE GROUP,,,New
12368,SIGNAL LINE GROUP,,,New
12369,SIGNAL LINE GROUP,,,New
12370,SIGNAL LINE GROUP,,,New
12371,SIGNAL LINE GROUP,,,New
12372,SIGNAL LINE GROUP,,,New
12373,SIGNAL LINE GROUP,,,New
12374,SIGNAL LINE GROUP,,,New
12375,SIGNAL LINE GROUP,,,New
12376,SIGNAL LINE GROUP,,,New
12377,SIGNAL LINE GROUP,,,New
12378,SIGNAL LINE GROUP,,,New
12379,SIGNAL LINE GROUP,,,New
12382,SIGNAL LINE GROUP,,,New
12385,SIGNAL LINE GROUP,,,New
12390,SIGNAL LINE GROUP,,,New
12428,SIGNAL LINE GROUP,,,New
12431,SIGNAL LINE GROUP,,,New
12434,SIGNAL LINE GROUP,,,New
12474,SIGNAL LINE GROUP,,,New
12522,SIGNAL LINE GROUP,,,New
12539,SIGNAL LINE GROUP,,,New
12544,SIGNAL LINE GROUP,,,New
12650,SIGNAL LINE GROUP,,,New
